<?xml version="1.0" encoding="UTF-8"?>

<beans xmlns="http://www.springframework.org/schema/beans"

	xmlns:context="http://www.springframework.org/schema/context"

	xmlns:xsi="http://www.w3.org/2001/XMLSchema-instance" xmlns:mvc="http://www.springframework.org/schema/mvc"

	xmlns:tx="http://www.springframework.org/schema/tx"



	xsi:schemaLocation="

        http://www.springframework.org/schema/beans    

        http://www.springframework.org/schema/beans/spring-beans-2.5.xsd

        http://www.springframework.org/schema/context

        http://www.springframework.org/schema/context/spring-context.xsd

        http://www.springframework.org/schema/mvc

        http://www.springframework.org/schema/mvc/spring-mvc.xsd

        http://www.springframework.org/schema/tx

        http://www.springframework.org/schema/tx/spring-tx-3.0.xsd"
        >
       <!--  default-init-method="myInit" default-destroy-method="tearDown" -->

	<!-- <bean id="triangle" class="com.cg.Triangle"> -->
	<!-- if setter method is used -->
	<!-- 	 <property name="type" value="Isosceles"></property>
		 <property name="height" value="20"></property> -->
		 
		 <!-- if constructor is used -->
	<!-- <constructor-arg value="Equilateral"></constructor-arg>  -->
	
	<!-- ambiguity while using Single args constructor -->
	<!-- <constructor-arg value="50" type="int"></constructor-arg> -->
	
	
	<!-- ambiguity while using  multiple args constructor  -->
	<!-- <constructor-arg value="50" index="1"></constructor-arg>
	<constructor-arg value="Equilateral" index="0"></constructor-arg>
	 -->
	 
	 
	<!--  <property name="pointA">
	 inner bean
	 	<bean id="zeroPoint" class="com.cg.Point">
			<property name="x" value="0"></property>
			<property name="y" value="0"></property>
		</bean></property>
	 <property name="pointB" ref="point1"></property>
	 <property name="pointC" ref="point2"></property> -->
	 
	 <!-- collection representation -->
	 <!-- <property name="points">
	 	<list>
	 		<ref bean="zeroPoint"/>
	 		<ref bean="point1"/>
	 		<ref bean="point2"/>
	 	</list>
	 </property> -->
	<!--  </bean> -->
	 
	 
	<!--  <bean id="triangle" class="com.cg.Triangle" init-method="myInit" destroy-method="tearDown">  it is used for single bean-->
	<bean id="triangle" class="com.cg.Triangle">
	 <property name="pointA" ref="zeroPoint"></property>
	 <property name="pointB" ref="point1"></property>
	 <property name="pointC" ref="point2"></property>
	</bean>
	
	<!-- external bean -->
	<bean id="zeroPoint" class="com.cg.Point">
		<property name="x" value="0"></property>
		<property name="y" value="0"></property>
	</bean> 
	<bean id="point1" class="com.cg.Point">
		<property name="x" value="-20"></property>
		<property name="y" value="-10"></property>
	</bean>
	<bean id="point2" class="com.cg.Point">
		<property name="x" value="${p.x}"></property>
		<property name="y" value="${p.y}"></property>
	</bean>
	
	<!-- <bean class="com.cg.DisplayNameBeanPostProcessor"></bean> -->
	<!-- <bean class="com.cg.MyBeanFactoryPostProcessor"></bean> -->
	
	<bean id="circle1" class="com.cg.Circle1" >
		<property name="center" ref="center"></property>
	</bean>
	
	<!-- if only one type of point bean is present it will autowire byType  -->
	<!-- <bean id="circle" class="com.cg.Circle" autowire="byType"></bean> -->
	
	<!-- if variable in Circle is present as id of bean then it will autowire byName  -->
	<bean id="center" class="com.cg.Point">
		<property name="x" value="${center.x}"></property>
		<property name="y" value="${center.y}"></property>
	</bean>
	<!-- <bean id="circle" class="com.cg.Circle" autowire="byType"></bean> -->
	
	
	<bean class="org.springframework.beans.factory.config.PropertyPlaceholderConfigurer">
		<property name="Locations">
			<list>
				<value>points.properties</value>
				<value>xyz.properties</value>
			</list>
		</property>
	</bean>
	
	<bean id="employee" class="com.cg.Employee">
		<property name="dob" value="getDate()"></property>
	</bean>
	
	<bean class="org.springframework.beans.factory.config.CustomEditorConfigurer">
		<property name="customEditors">
			<map>
				<entry key="java.sql.Date" value="com.cg.sqlDateEditor"></entry>
			</map>
		</property>
	</bean>
	
	<!-- <bean id="cir" class="com.cg.Circle1">
		<property name="center" ref="center"></property>
	</bean> -->

	<!-- <bean class="org.springframework.beans.factory.annotation.RequiredAnnotationBeanPostProcessor"></bean> -->
	
	
	<!-- <bean class="org.springframework.beans.factory.annotation.AutowiredAnnotationBeanPostProcessor"></bean>
	 -->
	
	<context:annotation-config></context:annotation-config>
	<context:component-scan base-package="com.cg"></context:component-scan>
	
	
	<bean id="messageSource" class="org.springframework.context.support.ResourceBundleMessageSource">
		<property name="basenames">
			<list>
				<value>mymessages</value>
				<value>applicationResource</value>
			</list>
		</property>
	</bean>
	
	
</beans>

